{
  "project_info": {
    "project_number": "346703865573",
    "project_id": "doska-21d99",
    "storage_bucket": "doska-21d99.appspot.com"
  },
  "client": [
    {
      "client_info": {
        "mobilesdk_app_id": "1:346703865573:android:a5cfb1efe91a9e5da5d60c",
        "android_client_info": {
          "package_name": "com.example.doska"
        }
      },
      "oauth_client": [
        {
          "client_id": "346703865573-si5tdd9c05aba88kn7m5g6tuj48iqk81.apps.googleusercontent.com",
          "client_type": 3
        }
      ],
      "api_key": [
        {
          "current_key": "AIzaSyCekp2oAzBvpuMtbX3dP_03ac5u9QsHp34"
        }
      ],
      "services": {
        "appinvite_service": {
          "other_platform_oauth_client": [
            {
              "client_id": "346703865573-si5tdd9c05aba88kn7m5g6tuj48iqk81.apps.googleusercontent.com",
              "client_type": 3
            }
          ]
        }
      }
    }
  ],
  "configuration_version": "1"
}